{
  "Enabled": true,
  "Drawn": false,
  "Keybind": "None",
  "DisplayName": "HUD",
  "Gray": false,
  "RenderingUp": true,
  "Watermark": false,
  "Text": "Cascade_0.0.9",
  "OffsetY": 1,
  "ArrayList": true,
  "Ordering": "Length",
  "Coords": true,
  "Direction": true,
  "Armor": true,
  "Totems": true,
  "Welcomer": "None",
  "Speed": true,
  "Ticks": 100,
  "Potions": false,
  "Ping": true,
  "TPS": false,
  "FPS": true,
  "Time": true,
  "LagNotifier": true,
  "LagTime": 503,
  "Command": "Kyoto",
  "BracketColor": "WHITE",
  "NameColor": "WHITE",
  "LBracket": "\u003c",
  "RBracket": "\u003e",
  "ChatNotify": true
}