{
  "Enabled": true,
  "Drawn": true,
  "Keybind": "Z",
  "DisplayName": "AutoCrystal",
  "Page": "Break",
  "Place": true,
  "PlaceRange": 6.0,
  "PlaceWallRange": 3.5,
  "PlaceDelay": 0.0,
  "MinDamage": 4.5,
  "MaxSelfDamage": 6.6,
  "FacePlaceHP": 11.4,
  "MinArmor": 20.5,
  "TargetRange": 12.0,
  "PredictMotion": true,
  "MotionTicks": 10,
  "Break": true,
  "BreakDelay": 80.1,
  "BreakRange": 6.0,
  "BreakWallRange": 3.5,
  "PacketBreak": true,
  "Predict": true,
  "PredictDelay": 0,
  "Remove": false,
  "TicksExisted": 1,
  "Await": false,
  "NoSuicide": true,
  "Switch": "Off",
  "Cooldown": 50,
  "IgnoreUseAmount": false,
  "UseAmount": 5,
  "Swing": "OffHand",
  "Render": true,
  "RenderDmg": true,
  "HUD": "Target",
  "Box": true,
  "Color": 1795162111,
  "LineWidth": 0.1,
  "Outline": true,
  "FadeSlower": false
}