{
  "Enabled": true,
  "Drawn": true,
  "Keybind": "None",
  "DisplayName": "Nametags",
  "Outline": false,
  "Background": true,
  "Outline Mode": "NORMAL",
  "OutlineColor": 16777215,
  "Outline Width": 3.0,
  "Reversed": false,
  "Reversed Hand": false,
  "Enchant Mode": "NONE",
  "Health": true,
  "GameMode": false,
  "Ping": true,
  "Ping Color": true,
  "Armor": true,
  "Durability": true,
  "Item Name": false,
  "Invisibles": false,
  "Scale": 5.0,
  "Height": 2.5,
  "Friends": true,
  "Friend Mode": "TEXT",
  "FriendColor": -2115289795
}