{
  "Enabled": true,
  "Drawn": true,
  "Keybind": "None",
  "DisplayName": "PopChams",
  "Solid": true,
  "RenderSolid": true,
  "SolidRed": 255.0,
  "SolidGreen": 255.0,
  "SolidBlue": 255.0,
  "WireFrame": false,
  "RenderWire": false,
  "WireRed": 170.2,
  "WireGreen": 255.0,
  "WireBlue": 159.0,
  "Fade": true,
  "StartAlpha": 184,
  "EndAlpha": 0,
  "FadeStep": 40,
  "YMovement": true,
  "YTravel": true,
  "TravelMode": "UP",
  "TravelSpeed": 0.7,
  "Misc": true,
  "OnDeath": false,
  "ClearListOnPop": false,
  "ClearListOnDeath": false,
  "AntiSelf": true
}