{
  "Enabled": true,
  "Drawn": true,
  "Keybind": "None",
  "DisplayName": "ViewMod",
  "Mainhand": true,
  "Mainhand Translation": false,
  "Mainhand X": 1.6,
  "Mainhand Y": 0.1,
  "Mainhand Z": -5.0,
  "Mainhand Scaling": true,
  "Mainhand Scale X": 0.3,
  "Mainhand Scale Y": -3.0,
  "Mainhand Scale Z": 0.7,
  "Mainhand Rotation": false,
  "Mainhand Rotation X": 0.0,
  "Mainhand Rotation Y": 0.0,
  "Mainhand Rotation Z": 0.0,
  "Offhand": true,
  "Offhand Translation": false,
  "Offhand X": -1.9,
  "Offhand Y": 0.1,
  "Offhand Z": -5.0,
  "Offhand Scaling": true,
  "Offhand Scale X": 0.3,
  "Offhand Scale Y": -3.0,
  "Offhand Scale Z": 0.7,
  "Offhand Rotation": false,
  "Offhand Rotation X": 0.0,
  "Offhand Rotation Y": 0.0,
  "Offhand Rotation Z": 0.0,
  "Item Opacity": 255.0
}